########################################
# User 더미 데이터
########################################

INSERT INTO user (user_id, password, name, birth, email, tel, role, status, address, business_name,
                  business_number)
VALUES ('user001', 'pass001', 'John Doe', '1985-01-15', 'john.doe@example.com', '010-1234-5678',
        'ADMIN', 'ACTIVE', '123 Main St, Seoul', NULL, NULL),
       ('user002', 'pass002', 'Jane Smith', '1990-03-22', 'jane.smith@example.com', '010-2345-6789',
        'EMPLOYEE', 'ACTIVE', '456 Elm St, Seoul', NULL, NULL),
       ('user003', 'pass003', 'Bob Johnson', '1988-07-30', 'bob.johnson@example.com',
        '010-3456-7890', 'DELIVERY_DRIVER', 'ACTIVE', '789 Pine St, Seoul', NULL, NULL),
       ('user004', 'pass004', 'Alice Williams', '1983-12-11', 'alice.williams@example.com',
        '010-4567-8901', 'WH_MANAGER', 'ACTIVE', '101 Maple St, Seoul', NULL, NULL),
       ('user005', 'pass005', 'Charlie Brown', '1995-09-05', 'charlie.brown@example.com',
        '010-5678-9012', 'SUPPLIER', 'ACTIVE', '202 Oak St, Seoul', 'Brown Supplies',
        '123-45-6789'),
       ('user006', 'pass006', 'Emily Davis', '1987-02-19', 'emily.davis@example.com',
        '010-6789-0123', 'STORE_OPERATOR', 'ACTIVE', '303 Birch St, Seoul', NULL, NULL),
       ('user007', 'pass007', 'Daniel Wilson', '1992-11-04', 'daniel.wilson@example.com',
        '010-7890-1234', 'EMPLOYEE', 'ACTIVE', '404 Cedar St, Seoul', NULL, NULL),
       ('user008', 'pass008', 'Mia Brown', '1986-06-23', 'mia.brown@example.com', '010-8901-2345',
        'WH_MANAGER', 'ACTIVE', '505 Walnut St, Seoul', NULL, NULL),
       ('user009', 'pass009', 'David Green', '1994-05-18', 'david.green@example.com',
        '010-9012-3456', 'DELIVERY_DRIVER', 'ACTIVE', '606 Chestnut St, Seoul', NULL, NULL),
       ('user010', 'pass010', 'Sophia Adams', '1989-12-09', 'sophia.adams@example.com',
        '010-0123-4567', 'EMPLOYEE', 'ACTIVE', '707 Spruce St, Seoul', NULL, NULL),
       ('user011', 'pass011', 'James Lee', '1982-08-17', 'james.lee@example.com', '010-1234-5678',
        'SUPPLIER', 'ACTIVE', '808 Fir St, Seoul', 'Lee Supplies', '234-56-7890'),
       ('user012', 'pass012', 'Olivia Harris', '1993-04-26', 'olivia.harris@example.com',
        '010-2345-6789', 'WH_MANAGER', 'ACTIVE', '909 Hickory St, Seoul', NULL, NULL),
       ('user013', 'pass013', 'Liam Clark', '1991-10-14', 'liam.clark@example.com', '010-3456-7890',
        'STORE_OPERATOR', 'VIP', '1010 Ash St, Seoul', NULL, NULL),
       ('user014', 'pass014', 'Isabella Hall', '1994-07-11', 'isabella.hall@example.com',
        '010-4567-8901', 'DELIVERY_DRIVER', 'ACTIVE', '1111 Aspen St, Seoul', NULL, NULL),
       ('user015', 'pass015', 'Ethan Young', '1987-01-02', 'ethan.young@example.com',
        '010-5678-9012', 'EMPLOYEE', 'ACTIVE', '1212 Pine St, Seoul', NULL, NULL),
       ('user016', 'pass016', 'Mia Walker', '1992-03-15', 'mia.walker@example.com', '010-6789-0123',
        'WH_MANAGER', 'ACTIVE', '1313 Willow St, Seoul', NULL, NULL),
       ('user017', 'pass017', 'Alexander King', '1985-12-22', 'alexander.king@example.com',
        '010-7890-1234', 'SUPPLIER', 'ACTIVE', '1414 Maple St, Seoul', 'King Supplies',
        '345-67-8901'),
       ('user018', 'pass018', 'Charlotte Scott', '1990-08-09', 'charlotte.scott@example.com',
        '010-8901-2345', 'STORE_OPERATOR', 'ACTIVE', '1515 Oak St, Seoul', NULL, NULL),
       ('user019', 'pass019', 'Benjamin Wright', '1988-11-05', 'benjamin.wright@example.com',
        '010-9012-3456', 'DELIVERY_DRIVER', 'ACTIVE', '1616 Cedar St, Seoul', NULL, NULL),
       ('user020', 'pass020', 'Avery Green', '1991-06-20', 'avery.green@example.com',
        '010-0123-4567', 'WH_MANAGER', 'ACTIVE', '1717 Birch St, Seoul', NULL, NULL),
       ('user021', 'pass021', 'William Harris', '1993-10-30', 'william.harris@example.com',
        '010-1234-5678', 'EMPLOYEE', 'ACTIVE', '1818 Fir St, Seoul', NULL, NULL),
       ('user022', 'pass022', 'Evelyn Carter', '1986-07-15', 'evelyn.carter@example.com',
        '010-2345-6789', 'SUPPLIER', 'ACTIVE', '1919 Spruce St, Seoul', 'Carter Supplies',
        '456-78-9012'),
       ('user023', 'pass023', 'Lucas Adams', '1992-09-20', 'lucas.adams@example.com',
        '010-3456-7890', 'STORE_OPERATOR', 'ACTIVE', '2020 Hickory St, Seoul', NULL, NULL),
       ('user024', 'pass024', 'Mason Johnson', '1984-12-01', 'mason.johnson@example.com',
        '010-4567-8901', 'WH_MANAGER', 'ACTIVE', '2121 Ash St, Seoul', NULL, NULL),
       ('user025', 'pass025', 'Amelia Brown', '1995-04-28', 'amelia.brown@example.com',
        '010-5678-9012', 'DELIVERY_DRIVER', 'ACTIVE', '2222 Maple St, Seoul', NULL, NULL),
       ('user026', 'pass026', 'Henry Wilson', '1990-03-09', 'henry.wilson@example.com',
        '010-6789-0123', 'EMPLOYEE', 'ACTIVE', '2323 Oak St, Seoul', NULL, NULL),
       ('user027', 'pass027', 'Harper Lee', '1989-07-16', 'harper.lee@example.com', '010-7890-1234',
        'SUPPLIER', 'ACTIVE', '2424 Cedar St, Seoul', 'Lee Supplies', '567-89-0123'),
       ('user028', 'pass028', 'Ella Moore', '1994-10-25', 'ella.moore@example.com', '010-8901-2345',
        'WH_MANAGER', 'ACTIVE', '2525 Birch St, Seoul', NULL, NULL),
       ('user029', 'pass029', 'Jack Taylor', '1987-06-12', 'jack.taylor@example.com',
        '010-9012-3456', 'STORE_OPERATOR', 'ACTIVE', '2626 Fir St, Seoul', NULL, NULL),
       ('user030', 'pass030', 'Zoe Anderson', '1992-01-09', 'zoe.anderson@example.com',
        '010-0123-4567', 'DELIVERY_DRIVER', 'ACTIVE', '2727 Spruce St, Seoul', NULL, NULL),
       ('user031', 'pass031', 'Owen Thompson', '1988-05-23', 'owen.thompson@example.com',
        '010-1234-5678', 'EMPLOYEE', 'ACTIVE', '2828 Hickory St, Seoul', NULL, NULL),
       ('user032', 'pass032', 'Mia Robinson', '1991-11-30', 'mia.robinson@example.com',
        '010-2345-6789', 'WH_MANAGER', 'ACTIVE', '2929 Ash St, Seoul', NULL, NULL),
       ('user033', 'pass033', 'Aiden White', '1993-09-15', 'aiden.white@example.com',
        '010-3456-7890', 'SUPPLIER', 'ACTIVE', '3030 Maple St, Seoul', 'White Supplies',
        '678-90-1234'),
       ('user034', 'pass034', 'Chloe Martinez', '1987-02-01', 'chloe.martinez@example.com',
        '010-4567-8901', 'STORE_OPERATOR', 'VIP', '3131 Oak St, Seoul', NULL, NULL),
       ('user035', 'pass035', 'Daniel Lopez', '1995-07-19', 'daniel.lopez@example.com',
        '010-5678-9012', 'DELIVERY_DRIVER', 'ACTIVE', '3232 Cedar St, Seoul', NULL, NULL),
       ('user036', 'pass036', 'Ava Davis', '1989-08-27', 'ava.davis@example.com', '010-6789-0123',
        'WH_MANAGER', 'ACTIVE', '3333 Birch St, Seoul', NULL, NULL),
       ('user037', 'pass037', 'Sebastian Taylor', '1994-05-11', 'sebastian.taylor@example.com',
        '010-7890-1234', 'EMPLOYEE', 'ACTIVE', '3434 Fir St, Seoul', NULL, NULL),
       ('user038', 'pass038', 'Ella Jackson', '1986-12-20', 'ella.jackson@example.com',
        '010-8901-2345', 'SUPPLIER', 'ACTIVE', '3535 Spruce St, Seoul', 'Jackson Supplies',
        '789-01-2345'),
       ('user039', 'pass039', 'Noah Harris', '1993-04-17', 'noah.harris@example.com',
        '010-9012-3456', 'STORE_OPERATOR', 'ACTIVE', '3636 Hickory St, Seoul', NULL, NULL),
       ('user040', 'pass040', 'Mason Young', '1991-07-29', 'mason.young@example.com',
        '010-0123-4567', 'WH_MANAGER', 'ACTIVE', '3737 Ash St, Seoul', NULL, NULL),
       ('user041', 'pass041', 'Lily Scott', '1995-09-22', 'lily.scott@example.com', '010-1234-5678',
        'DELIVERY_DRIVER', 'ACTIVE', '3838 Maple St, Seoul', NULL, NULL),
       ('user042', 'pass042', 'Liam Adams', '1992-10-04', 'liam.adams@example.com', '010-2345-6789',
        'EMPLOYEE', 'ACTIVE', '3939 Oak St, Seoul', NULL, NULL),
       ('user043', 'pass043', 'Grace Moore', '1989-11-17', 'grace.moore@example.com',
        '010-3456-7890', 'SUPPLIER', 'ACTIVE', '4040 Cedar St, Seoul', 'Moore Supplies',
        '890-12-3456'),
       ('user044', 'pass044', 'Henry Clark', '1994-02-25', 'henry.clark@example.com',
        '010-4567-8901', 'STORE_OPERATOR', 'ACTIVE', '4141 Birch St, Seoul', NULL, NULL),
       ('user045', 'pass045', 'Sophia Robinson', '1988-03-30', 'sophia.robinson@example.com',
        '010-5678-9012', 'DELIVERY_DRIVER', 'ACTIVE', '4242 Fir St, Seoul', NULL, NULL),
       ('user046', 'pass046', 'Benjamin Taylor', '1995-05-14', 'benjamin.taylor@example.com',
        '010-6789-0123', 'EMPLOYEE', 'ACTIVE', '4343 Spruce St, Seoul', NULL, NULL),
       ('user047', 'pass047', 'Chloe Davis', '1992-09-23', 'chloe.davis@example.com',
        '010-7890-1234', 'SUPPLIER', 'ACTIVE', '4444 Hickory St, Seoul', 'Davis Supplies',
        '901-23-4567'),
       ('user048', 'pass048', 'Jackson Lee', '1987-12-12', 'jackson.lee@example.com',
        '010-8901-2345', 'STORE_OPERATOR', 'ACTIVE', '4545 Ash St, Seoul', NULL, NULL),
       ('user049', 'pass049', 'Emily Clark', '1994-08-08', 'emily.clark@example.com',
        '010-9012-3456', 'DELIVERY_DRIVER', 'ACTIVE', '4646 Maple St, Seoul', NULL, NULL),
       ('user050', 'pass050', 'Mason Johnson', '1991-11-16', 'mason.johnson@example.com',
        '010-0123-4567', 'EMPLOYEE', 'ACTIVE', '4747 Oak St, Seoul', NULL, NULL),
       ('user051', 'pass051', 'Zoe Harris', '1993-06-07', 'zoe.harris@example.com', '010-1234-5678',
        'SUPPLIER', 'ACTIVE', '4848 Cedar St, Seoul', 'Harris Supplies', '012-34-5678'),
       ('user052', 'pass052', 'Liam Brown', '1989-04-21', 'liam.brown@example.com', '010-2345-6789',
        'STORE_OPERATOR', 'VIP', '4949 Birch St, Seoul', NULL, NULL),
       ('user053', 'pass053', 'Isabella Anderson', '1995-07-14', 'isabella.anderson@example.com',
        '010-3456-7890', 'DELIVERY_DRIVER', 'ACTIVE', '5050 Fir St, Seoul', NULL, NULL),
       ('user054', 'pass054', 'Daniel Adams', '1990-11-26', 'daniel.adams@example.com',
        '010-4567-8901', 'EMPLOYEE', 'ACTIVE', '5151 Spruce St, Seoul', NULL, NULL),
       ('user055', 'pass055', 'Charlotte Young', '1986-02-10', 'charlotte.young@example.com',
        '010-5678-9012', 'SUPPLIER', 'ACTIVE', '5252 Hickory St, Seoul', 'Young Supplies',
        '123-45-6789'),
       ('user056', 'pass056', 'Oliver Scott', '1993-12-05', 'oliver.scott@example.com',
        '010-6789-0123', 'STORE_OPERATOR', 'ACTIVE', '5353 Ash St, Seoul', NULL, NULL),
       ('user057', 'pass057', 'Ava Brown', '1992-05-13', 'ava.brown@example.com', '010-7890-1234',
        'DELIVERY_DRIVER', 'ACTIVE', '5454 Maple St, Seoul', NULL, NULL),
       ('user058', 'pass058', 'Ethan King', '1991-08-19', 'ethan.king@example.com', '010-8901-2345',
        'EMPLOYEE', 'ACTIVE', '5555 Oak St, Seoul', NULL, NULL),
       ('user059', 'pass059', 'Grace White', '1994-10-21', 'grace.white@example.com',
        '010-9012-3456', 'SUPPLIER', 'ACTIVE', '5656 Cedar St, Seoul', 'White Supplies',
        '234-56-7890'),
       ('user060', 'pass060', 'Mia Harris', '1989-09-09', 'mia.harris@example.com', '010-0123-4567',
        'STORE_OPERATOR', 'VIP', '5757 Birch St, Seoul', NULL, NULL),
       ('user061', 'pass061', 'Liam Anderson', '1995-01-28', 'liam.anderson@example.com',
        '010-1234-5678', 'DELIVERY_DRIVER', 'ACTIVE', '5858 Fir St, Seoul', NULL, NULL),
       ('user062', 'pass062', 'Emma Martin', '1993-03-15', 'emma.martin@example.com',
        '010-2345-6789', 'EMPLOYEE', 'ACTIVE', '5959 Spruce St, Seoul', NULL, NULL),
       ('user063', 'pass063', 'Jack Lee', '1988-07-04', 'jack.lee@example.com', '010-3456-7890',
        'SUPPLIER', 'ACTIVE', '6060 Hickory St, Seoul', 'Lee Supplies', '345-67-8901'),
       ('user064', 'pass064', 'Olivia Young', '1990-06-11', 'olivia.young@example.com',
        '010-4567-8901', 'STORE_OPERATOR', 'ACTIVE', '6161 Ash St, Seoul', NULL, NULL),
       ('user065', 'pass065', 'Benjamin Green', '1992-12-20', 'benjamin.green@example.com',
        '010-5678-9012', 'DELIVERY_DRIVER', 'ACTIVE', '6262 Maple St, Seoul', NULL, NULL),
       ('user066', 'pass066', 'Sophia Davis', '1994-09-13', 'sophia.davis@example.com',
        '010-6789-0123', 'EMPLOYEE', 'ACTIVE', '6363 Oak St, Seoul', NULL, NULL),
       ('user067', 'pass067', 'William Harris', '1995-02-04', 'william.harris@example.com',
        '010-7890-1234', 'SUPPLIER', 'ACTIVE', '6464 Cedar St, Seoul', 'Harris Supplies',
        '456-78-9012'),
       ('user068', 'pass068', 'Ava Martin', '1987-05-20', 'ava.martin@example.com', '010-8901-2345',
        'STORE_OPERATOR', 'ACTIVE', '6565 Birch St, Seoul', NULL, NULL),
       ('user069', 'pass069', 'James Green', '1990-11-01', 'james.green@example.com',
        '010-9012-3456', 'DELIVERY_DRIVER', 'ACTIVE', '6666 Fir St, Seoul', NULL, NULL),
       ('user070', 'pass070', 'Chloe Davis', '1988-04-07', 'chloe.davis@example.com',
        '010-0123-4567', 'EMPLOYEE', 'ACTIVE', '6767 Spruce St, Seoul', NULL, NULL),
       ('user071', 'pass071', 'Lucas Johnson', '1991-12-10', 'lucas.johnson@example.com',
        '010-1234-5678', 'SUPPLIER', 'ACTIVE', '6868 Hickory St, Seoul', 'Johnson Supplies',
        '567-89-0123'),
       ('user072', 'pass072', 'Emma Taylor', '1993-07-21', 'emma.taylor@example.com',
        '010-2345-6789', 'STORE_OPERATOR', 'VIP', '6969 Ash St, Seoul', NULL, NULL),
       ('user073', 'pass073', 'Noah White', '1994-01-05', 'noah.white@example.com', '010-3456-7890',
        'DELIVERY_DRIVER', 'ACTIVE', '7070 Maple St, Seoul', NULL, NULL),
       ('user074', 'pass074', 'Lily Scott', '1989-08-11', 'lily.scott@example.com', '010-4567-8901',
        'EMPLOYEE', 'ACTIVE', '7171 Oak St, Seoul', NULL, NULL),
       ('user075', 'pass075', 'Jack Brown', '1992-03-19', 'jack.brown@example.com', '010-5678-9012',
        'SUPPLIER', 'ACTIVE', '7272 Cedar St, Seoul', 'Brown Supplies', '678-90-1234'),
       ('user076', 'pass076', 'Grace Anderson', '1986-11-30', 'grace.anderson@example.com',
        '010-6789-0123', 'STORE_OPERATOR', 'ACTIVE', '7373 Birch St, Seoul', NULL, NULL),
       ('user077', 'pass077', 'Daniel Wilson', '1995-06-13', 'daniel.wilson@example.com',
        '010-7890-1234', 'DELIVERY_DRIVER', 'ACTIVE', '7474 Fir St, Seoul', NULL, NULL),
       ('user078', 'pass078', 'Ava Taylor', '1993-04-12', 'ava.taylor@example.com', '010-8901-2345',
        'EMPLOYEE', 'ACTIVE', '7575 Spruce St, Seoul', NULL, NULL),
       ('user079', 'pass079', 'Benjamin Scott', '1988-10-22', 'benjamin.scott@example.com',
        '010-9012-3456', 'SUPPLIER', 'ACTIVE', '7676 Hickory St, Seoul', 'Scott Supplies',
        '789-01-2345'),
       ('user080', 'pass080', 'Mia Johnson', '1991-02-09', 'mia.johnson@example.com',
        '010-0123-4567', 'STORE_OPERATOR', 'VIP', '7777 Ash St, Seoul', NULL, NULL),
       ('user081', 'pass081', 'Ethan Green', '1992-08-17', 'ethan.green@example.com',
        '010-1234-5678', 'DELIVERY_DRIVER', 'ACTIVE', '7878 Maple St, Seoul', NULL, NULL),
       ('user082', 'pass082', 'Sophia Clark', '1989-04-04', 'sophia.clark@example.com',
        '010-2345-6789', 'EMPLOYEE', 'ACTIVE', '7979 Oak St, Seoul', NULL, NULL),
       ('user083', 'pass083', 'James Wilson', '1994-09-29', 'james.wilson@example.com',
        '010-3456-7890', 'SUPPLIER', 'ACTIVE', '8080 Cedar St, Seoul', 'Wilson Supplies',
        '890-12-3456'),
       ('user084', 'pass084', 'Olivia Davis', '1986-07-21', 'olivia.davis@example.com',
        '010-4567-8901', 'STORE_OPERATOR', 'ACTIVE', '8181 Birch St, Seoul', NULL, NULL),
       ('user085', 'pass085', 'Liam Johnson', '1995-02-11', 'liam.johnson@example.com',
        '010-5678-9012', 'DELIVERY_DRIVER', 'ACTIVE', '8282 Fir St, Seoul', NULL, NULL),
       ('user086', 'pass086', 'Charlotte Brown', '1993-11-06', 'charlotte.brown@example.com',
        '010-6789-0123', 'EMPLOYEE', 'ACTIVE', '8383 Spruce St, Seoul', NULL, NULL),
       ('user087', 'pass087', 'Lucas Anderson', '1988-05-04', 'lucas.anderson@example.com',
        '010-7890-1234', 'SUPPLIER', 'ACTIVE', '8484 Hickory St, Seoul', 'Anderson Supplies',
        '901-23-4567'),
       ('user088', 'pass088', 'Ava White', '1990-01-27', 'ava.white@example.com', '010-8901-2345',
        'STORE_OPERATOR', 'ACTIVE', '8585 Ash St, Seoul', NULL, NULL),
       ('user089', 'pass089', 'Benjamin Lee', '1992-03-16', 'benjamin.lee@example.com',
        '010-9012-3456', 'DELIVERY_DRIVER', 'ACTIVE', '8686 Maple St, Seoul', NULL, NULL),
       ('user090', 'pass090', 'Lily Martin', '1989-07-29', 'lily.martin@example.com',
        '010-0123-4567', 'EMPLOYEE', 'ACTIVE', '8787 Oak St, Seoul', NULL, NULL),
       ('user091', 'pass091', 'Henry Young', '1995-10-08', 'henry.young@example.com',
        '010-1234-5678', 'SUPPLIER', 'ACTIVE', '8888 Cedar St, Seoul', 'Young Supplies',
        '012-34-5678'),
       ('user092', 'pass092', 'Chloe Brown', '1994-06-20', 'chloe.brown@example.com',
        '010-2345-6789', 'STORE_OPERATOR', 'ACTIVE', '8989 Birch St, Seoul', NULL, NULL),
       ('user093', 'pass093', 'Jack Taylor', '1991-01-14', 'jack.taylor@example.com',
        '010-3456-7890', 'DELIVERY_DRIVER', 'ACTIVE', '9090 Fir St, Seoul', NULL, NULL),
       ('user094', 'pass094', 'Emma Anderson', '1986-11-08', 'emma.anderson@example.com',
        '010-4567-8901', 'EMPLOYEE', 'ACTIVE', '9191 Spruce St, Seoul', NULL, NULL),
       ('user095', 'pass095', 'Lucas White', '1992-08-27', 'lucas.white@example.com',
        '010-5678-9012', 'SUPPLIER', 'ACTIVE', '9292 Hickory St, Seoul', 'White Supplies',
        '123-45-6789'),
       ('user096', 'pass096', 'Olivia Johnson', '1990-04-14', 'olivia.johnson@example.com',
        '010-6789-0123', 'STORE_OPERATOR', 'ACTIVE', '9393 Ash St, Seoul', NULL, NULL),
       ('user097', 'pass097', 'James Lee', '1987-12-30', 'james.lee@example.com', '010-7890-1234',
        'DELIVERY_DRIVER', 'ACTIVE', '9494 Maple St, Seoul', NULL, NULL),
       ('user098', 'pass098', 'Emily Harris', '1994-02-21', 'emily.harris@example.com',
        '010-8901-2345', 'EMPLOYEE', 'ACTIVE', '9595 Oak St, Seoul', NULL, NULL),
       ('user099', 'pass099', 'Daniel Scott', '1991-05-14', 'daniel.scott@example.com',
        '010-9012-3456', 'SUPPLIER', 'ACTIVE', '9696 Cedar St, Seoul', 'Scott Supplies',
        '234-56-7890'),
       ('user100', 'pass100', 'Chloe Davis', '1995-07-22', 'chloe.davis@example.com',
        '010-0123-4567', 'STORE_OPERATOR', 'ACTIVE', '9797 Birch St, Seoul', NULL, NULL);


########################################
# Board 더미 데이터
########################################

INSERT INTO board (board_id, title, contents, board_date, user_id)
VALUES (1, 'Welcome to the Forum!',
        'We are excited to have you here. Please introduce yourself and feel free to ask questions.',
        '2024-01-01', 'user001'),
       (2, 'New Features Announcement',
        'We have just released some new features. Check them out and let us know what you think!',
        '2024-01-02', 'user001'),
       (3, 'How to Get Started',
        'Here’s a guide to help you get started with our platform. We hope it’s helpful!',
        '2024-01-03', 'user002'),
       (4, 'Community Guidelines',
        'Please read our community guidelines to ensure a positive experience for everyone.',
        '2024-01-04', 'user002'),
       (5, 'Weekly Coding Challenge',
        'Join our weekly coding challenge to improve your skills and win exciting prizes!',
        '2024-01-05', 'user003'),
       (6, 'Feedback on New UI',
        'We have redesigned our UI. Please provide feedback on the new look and feel.',
        '2024-01-06', 'user003'),
       (7, 'Introduction to SQL',
        'A beginner’s guide to SQL. Learn the basics and get started with database management.',
        '2024-01-07', 'user004'),
       (8, 'Looking for Study Groups',
        'Anyone interested in forming a study group for web development?', '2024-01-08', 'user004'),
       (9, 'Tech Conference Recap',
        'Here’s a recap of the latest tech conference. What did you think of the presentations?',
        '2024-01-09', 'user005'),
       (10, 'How to Use Git',
        'A guide to using Git for version control. Share your tips and tricks here.', '2024-01-10',
        'user005'),
       (11, 'Project Management Tips',
        'Effective project management tips to help you keep your projects on track.', '2024-01-11',
        'user006'),
       (12, 'Introduction to Python',
        'Learn the basics of Python programming. A great language for beginners.', '2024-01-12',
        'user006'),
       (13, 'Upcoming Hackathon',
        'Join our upcoming hackathon! Register now and be part of the excitement.', '2024-01-13',
        'user007'),
       (14, 'Debugging Tips',
        'Struggling with bugs? Here are some tips to help you debug your code more effectively.',
        '2024-01-14', 'user007'),
       (15, 'Database Design Best Practices',
        'Best practices for designing a robust and scalable database.', '2024-01-15', 'user008'),
       (16, 'Learning JavaScript',
        'A comprehensive guide to learning JavaScript. Share your progress and questions.',
        '2024-01-16', 'user008'),
       (17, 'Web Development Trends',
        'What are the latest trends in web development? Share your thoughts and observations.',
        '2024-01-17', 'user009'),
       (18, 'How to Improve Coding Skills',
        'Tips and resources to help you improve your coding skills.', '2024-01-18', 'user009'),
       (19, 'Open Source Projects',
        'Looking for open source projects to contribute to? Here are some suggestions.',
        '2024-01-19', 'user010'),
       (20, 'Best Development Tools',
        'Share your favorite development tools and why you like them.', '2024-01-20', 'user010'),
       (21, 'Introduction to Docker',
        'Learn about Docker and how it can help with containerization in your projects.',
        '2024-01-21', 'user011'),
       (22, 'Career Advice for Developers',
        'Get career advice and tips from experienced developers.', '2024-01-22', 'user011'),
       (23, 'Building RESTful APIs', 'Guide to building RESTful APIs for your applications.',
        '2024-01-23', 'user012'),
       (24, 'Exploring New Frameworks',
        'Share your experiences with new frameworks and technologies.', '2024-01-24', 'user012'),
       (25, 'How to Write Clean Code', 'Best practices for writing clean and maintainable code.',
        '2024-01-25', 'user013'),
       (26, 'Understanding Algorithms',
        'A guide to understanding and implementing algorithms in your projects.', '2024-01-26',
        'user013'),
       (27, 'Developing Mobile Apps',
        'Tips and tools for developing mobile applications for iOS and Android.', '2024-01-27',
        'user014'),
       (28, 'Best Resources for Learning Programming',
        'Share your favorite resources for learning programming languages and concepts.',
        '2024-01-28', 'user014'),
       (29, 'Introduction to Cloud Computing',
        'Learn the basics of cloud computing and how it can benefit your projects.', '2024-01-29',
        'user015'),
       (30, 'Tech Stack Essentials',
        'What essential technologies are in your tech stack? Discuss and share ideas.',
        '2024-01-30', 'user015'),
       (31, 'Developing with Node.js', 'A guide to developing applications using Node.js.',
        '2024-01-31', 'user001'),
       (32, 'Understanding Microservices',
        'Discuss the principles and practices of microservices architecture.', '2024-02-01',
        'user001'),
       (33, 'Effective Code Reviews',
        'Best practices for conducting effective code reviews and feedback.', '2024-02-02',
        'user002'),
       (34, 'Learning TypeScript', 'Explore the benefits of TypeScript and how to start using it.',
        '2024-02-03', 'user002'),
       (35, 'Best Practices for API Security', 'Discuss the best practices for securing your APIs.',
        '2024-02-04', 'user003'),
       (36, 'Getting Started with GitHub',
        'Learn how to get started with GitHub for version control and collaboration.', '2024-02-05',
        'user003'),
       (37, 'Building Scalable Systems',
        'Tips and techniques for building scalable and efficient systems.', '2024-02-06', 'user004'),
       (38, 'Introduction to Machine Learning',
        'A beginner’s guide to machine learning concepts and algorithms.', '2024-02-07', 'user004'),
       (39, 'Creating a Personal Blog',
        'Tips for creating and maintaining a personal blog or website.', '2024-02-08', 'user005'),
       (40, 'Exploring WebAssembly',
        'Learn about WebAssembly and its uses in modern web development.', '2024-02-09', 'user005'),
       (41, 'Career Paths in Tech',
        'Discuss various career paths in the technology industry and how to get started.',
        '2024-02-10', 'user006'),
       (42, 'Starting with Vue.js',
        'A guide to getting started with Vue.js for frontend development.', '2024-02-11', 'user006'),
       (43, 'Tips for Remote Work',
        'Share your tips for staying productive and managing remote work.', '2024-02-12', 'user007'),
       (44, 'Effective Agile Practices',
        'Discuss the principles and practices of Agile methodology.', '2024-02-13', 'user007'),
       (45, 'Building a Chatbot',
        'Learn how to build and integrate chatbots into your applications.', '2024-02-14',
        'user008'),
       (46, 'Introduction to Kubernetes',
        'Explore the basics of Kubernetes and how to use it for container orchestration.',
        '2024-02-15', 'user008'),
       (47, 'Advanced SQL Techniques',
        'Discuss advanced techniques for using SQL in complex queries and operations.',
        '2024-02-16', 'user009'),
       (48, 'Getting Started with Swift', 'A guide to learning Swift for iOS app development.',
        '2024-02-17', 'user009'),
       (49, 'Understanding Cloud Databases',
        'Learn about cloud databases and how they differ from traditional databases.', '2024-02-18',
        'user010'),
       (50, 'Introduction to Docker Compose',
        'Learn how to use Docker Compose for managing multi-container applications.', '2024-02-19',
        'user010'),
       (51, 'Effective UI/UX Design',
        'Share your tips  for creating effective UI/UX designs.', '2024-02-20',
        'user011'),
       (52, 'Exploring New DevOps Tools', 'Discuss new tools and technologies in the DevOps space.',
        '2024-02-21', 'user011'),
       (53, 'Building Progressive Web Apps',
        'Learn how to create Progressive Web Apps (PWAs) and their benefits.', '2024-02-22',
        'user012'),
       (54, 'Best Practices for Code Documentation',
        'Share your methods for documenting code effectively.', '2024-02-23', 'user012'),
       (55, 'Introduction to API Testing',
        'Learn how to test your APIs for reliability and performance.', '2024-02-24', 'user013'),
       (56, 'Tips for Debugging JavaScript',
        'Share your strategies for debugging JavaScript applications.', '2024-02-25', 'user013'),
       (57, 'Exploring Data Science', 'Discuss the basics of data science and tools for analysis.',
        '2024-02-26', 'user014'),
       (58, 'Getting Started with Flutter',
        'A guide to using Flutter for cross-platform app development.', '2024-02-27', 'user014'),
       (59, 'Introduction to Serverless Architectures',
        'Learn about serverless computing and its benefits.', '2024-02-28', 'user015'),
       (60, 'Best Tools for Web Development',
        'Discuss your favorite tools and technologies for web development.', '2024-02-29',
        'user015'),
       (61, 'Security Best Practices for Web Apps',
        'Share best practices for securing web applications.', '2024-03-01', 'user001'),
       (62, 'Getting Started with GraphQL',
        'Learn the basics of GraphQL and how it differs from REST.', '2024-03-02', 'user001'),
       (63, 'Tips for Effective Team Collaboration',
        'Share tips for improving team collaboration and communication.', '2024-03-03', 'user002'),
       (64, 'Introduction to PHP',
        'Learn the basics of PHP and its applications in web development.', '2024-03-04', 'user002'),
       (65, 'Exploring New Programming Languages',
        'Discuss new and emerging programming languages and their use cases.', '2024-03-05',
        'user003'),
       (66, 'Building a Scalable API',
        'Tips for designing and building APIs that can scale effectively.', '2024-03-06', 'user003'),
       (67, 'How to Learn Data Structures',
        'Share resources and strategies for learning data structures.', '2024-03-07', 'user004'),
       (68, 'Best Practices for Unit Testing',
        'Discuss best practices for writing and managing unit tests.', '2024-03-08', 'user004'),
       (69, 'Introduction to Web Development Frameworks',
        'Learn about various web development frameworks and their features.', '2024-03-09',
        'user005'),
       (70, 'Getting Started with Redux',
        'A guide to using Redux for state management in React applications.', '2024-03-10',
        'user005'),
       (71, 'Effective Time Management for Developers',
        'Share your tips for managing time effectively as a developer.', '2024-03-11', 'user006'),
       (72, 'Building Responsive Websites',
        'Learn how to create websites that work well on various devices and screen sizes.',
        '2024-03-12', 'user006'),
       (73, 'Understanding RESTful APIs',
        'Discuss the principles of RESTful APIs and how to implement them.', '2024-03-13',
        'user007'),
       (74, 'Tips for Learning New Technologies',
        'Share your strategies for learning and adapting to new technologies.', '2024-03-14',
        'user007'),
       (75, 'Exploring Machine Learning Libraries',
        'Discuss popular machine learning libraries and frameworks.', '2024-03-15', 'user008'),
       (76, 'Introduction to Data Engineering',
        'Learn about data engineering and its role in data management.', '2024-03-16', 'user008'),
       (77, 'Effective Remote Team Management', 'Share tips for managing remote teams effectively.',
        '2024-03-17', 'user009'),
       (78, 'Understanding Software Architecture',
        'Discuss different software architecture patterns and their benefits.', '2024-03-18',
        'user009'),
       (79, 'Getting Started with Serverless Frameworks',
        'Explore serverless frameworks and how to use them in your projects.', '2024-03-19',
        'user010'),
       (80, 'Introduction to Automated Testing',
        'Learn about automated testing and its importance in software development.', '2024-03-20',
        'user010'),
       (81, 'Developing with Ruby on Rails', 'A guide to using Ruby on Rails for web development.',
        '2024-03-21', 'user011'),
       (82, 'Understanding Event-Driven Programming',
        'Discuss the concepts of event-driven programming and its applications.', '2024-03-22',
        'user011'),
       (83, 'Introduction to NoSQL Databases',
        'Learn about NoSQL databases and how they differ from SQL databases.', '2024-03-23',
        'user012'),
       (84, 'Best Practices for API Design',
        'Share best practices for designing effective and user-friendly APIs.', '2024-03-24',
        'user012'),
       (85, 'Exploring Virtual Reality Technologies',
        'Discuss the latest advancements in virtual reality technologies.', '2024-03-25', 'user013'),
       (86, 'Getting Started with TensorFlow',
        'A guide to using TensorFlow for machine learning and AI projects.', '2024-03-26',
        'user013'),
       (87, 'Introduction to Blockchain Technology',
        'Learn the basics of blockchain technology and its applications.', '2024-03-27', 'user014'),
       (88, 'Tips for Effective Code Refactoring',
        'Share tips for refactoring code to improve readability and performance.', '2024-03-28',
        'user014'),
       (89, 'Exploring New Web Technologies',
        'Discuss new technologies emerging in the web development space.', '2024-03-29', 'user015'),
       (90, 'Getting Started with Java',
        'A beginner’s guide to Java programming and its applications.', '2024-03-30', 'user015'),
       (91, 'Introduction to Reactive Programming',
        'Learn about reactive programming and its benefits in software development.', '2024-03-31',
        'user001'),
       (92, 'Effective Database Optimization',
        'Share your tips for optimizing database performance and efficiency.', '2024-04-01',
        'user001'),
       (93, 'Understanding Microservices Architecture',
        'Discuss the principles and benefits of microservices architecture.', '2024-04-02',
        'user002'),
       (94, 'Tips for Scaling Web Applications',
        'Share strategies for scaling web applications to handle more traffic.', '2024-04-03',
        'user002'),
       (95, 'Introduction to Kotlin', 'Learn about Kotlin and its use in Android development.',
        '2024-04-04', 'user003'),
       (96, 'Best Practices for Code Optimization',
        'Discuss best practices for optimizing code performance and efficiency.', '2024-04-05',
        'user003'),
       (97, 'Exploring Emerging Technologies',
        'Discuss the latest emerging technologies and their potential impact.', '2024-04-06',
        'user004'),
       (98, 'Introduction to Data Privacy',
        'Learn about data privacy principles and best practices.', '2024-04-07', 'user004'),
       (99, 'Getting Started with Angular',
        'A guide to learning Angular and its features for frontend development.', '2024-04-08',
        'user005'),
       (100, 'Exploring Cloud Security',
        'Discuss strategies and best practices for securing cloud-based applications.',
        '2024-04-09', 'user005');

########################################
# answer_board 더미 데이터
########################################

INSERT INTO answer_board (answer_board_id, title, contents, board_date, user_id, inquiry_board_id)
VALUES (1, 'Re: Welcome to the Forum!',
        'Thank you for the warm welcome! I am excited to be here and looking forward to interacting with everyone.',
        '2024-01-02', 'user001', 1),
       (2, 'Re: New Features Announcement',
        'The new features look amazing! I especially like the improved search functionality.',
        '2024-01-03', 'user001', 2),
       (3, 'Re: How to Get Started',
        'The guide is very helpful. I have a few questions about setting up my profile. Can someone assist?',
        '2024-01-04', 'user001', 3),
       (4, 'Re: Community Guidelines',
        'I have read the guidelines. They seem fair and comprehensive. Looking forward to a positive experience!',
        '2024-01-05', 'user001', 4),
       (5, 'Re: Weekly Coding Challenge',
        'I am in for the coding challenge! Can you provide more details about the tasks involved?',
        '2024-01-06', 'user001', 5),
       (6, 'Re: Feedback on New UI',
        'The new UI is sleek but seems a bit confusing at first. It would be great to have a tutorial for the new layout.',
        '2024-01-07', 'user001', 6),
       (7, 'Re: Introduction to SQL',
        'Great introduction to SQL. I am eager to learn more about joins and subqueries.',
        '2024-01-08', 'user001', 7),
       (8, 'Re: Looking for Study Groups',
        'I am interested in joining a study group for web development. Please count me in!',
        '2024-01-09', 'user001', 8),
       (9, 'Re: Tech Conference Recap',
        'The conference was insightful! I particularly enjoyed the session on AI advancements.',
        '2024-01-10', 'user001', 9),
       (10, 'Re: How to Use Git',
        'Git can be tricky at first, but once you get the hang of it, it’s very powerful. I recommend checking out some tutorials.',
        '2024-01-11', 'user001', 10),
       (11, 'Re: Project Management Tips',
        'Great tips! I will implement some of these practices in my current project to see how they work.',
        '2024-01-12', 'user001', 11),
       (12, 'Re: Introduction to Python',
        'Python seems like a great language for beginners. I am excited to start learning it.',
        '2024-01-13', 'user001', 12),
       (13, 'Re: Upcoming Hackathon',
        'I am registering for the hackathon! It sounds like a fantastic opportunity to work on something exciting.',
        '2024-01-14', 'user001', 13),
       (14, 'Re: Debugging Tips',
        'Debugging can be challenging. I find that using a debugger tool really helps in finding issues quickly.',
        '2024-01-15', 'user001', 14),
       (15, 'Re: Database Design Best Practices',
        'Designing databases can be complex. The best practices mentioned are very useful for creating efficient schemas.',
        '2024-01-16', 'user001', 15),
       (16, 'Re: Learning JavaScript',
        'JavaScript is essential for web development. I am looking forward to mastering it.',
        '2024-01-17', 'user001', 16),
       (17, 'Re: Web Development Trends',
        'The trends are fascinating! I am particularly interested in the rise of serverless architectures.',
        '2024-01-18', 'user001', 17),
       (18, 'Re: How to Improve Coding Skills',
        'Improving coding skills is a continuous journey. Regular practice and learning from others are key.',
        '2024-01-19', 'user001', 18),
       (19, 'Re: Open Source Projects',
        'Contributing to open source projects is a great way to gain experience and collaborate with others.',
        '2024-01-20', 'user001', 19),
       (20, 'Re: Best Development Tools',
        'I use several of these tools myself. It would be interesting to know which ones others find most effective.',
        '2024-01-21', 'user001', 20),
       (21, 'Re: Welcome to the Forum!',
        'Docker is a game changer for containerization. I am interested in learning more about its advanced features.',
        '2024-01-22', 'user001', 1),
       (22, 'Re: New Features Announcement',
        'Career advice is always valuable. Networking and continuous learning are essential for career growth.',
        '2024-01-23', 'user001',2 ),
       (23, 'Re: How to Get Started',
        'RESTful APIs are fundamental for modern web services. I appreciate the insights shared in this post.',
        '2024-01-24', 'user001', 3),
       (24, 'Re: Community Guidelines',
        'Trying out new frameworks can be exciting. I am currently exploring a few myself.',
        '2024-01-25', 'user001', 4),
       (25, 'Re: Weekly Coding Challenge',
        'Writing clean code is crucial for maintainability. The tips provided are quite useful.',
        '2024-01-26', 'user001', 5),
       (26, 'Re: Feedback on New UI',
        'Algorithms are at the heart of programming. I am looking forward to learning more about different algorithms.',
        '2024-01-27', 'user001', 6),
       (27, 'Re: Introduction to SQL',
        'Mobile app development has its challenges. The tips shared here are a great starting point.',
        '2024-01-28', 'user001', 7),
       (28, 'Re: Looking for Study Groups',
        'There are so many resources available. It’s great to have a list of recommended ones.',
        '2024-01-29', 'user001', 8),
       (29, 'Re: Tech Conference Recap',
        'Cloud computing is transforming IT. I am keen to understand its various deployment models.',
        '2024-01-30', 'user001', 9),
       (30, 'Re: How to Use Git',
        'A well-chosen tech stack is crucial for any project. It’s useful to compare different stacks and their benefits.',
        '2024-01-31', 'user001', 10);


########################################
# product 더미 데이터
########################################

INSERT INTO product (product_id, product_brand, product_name, area_per_product, small_category_id)
VALUES (1, 'BrandA', 'Product1', 100, 1),
       (2, 'BrandB', 'Product2', 200, 2),
       (3, 'BrandC', 'Product3', 150, 3),
       (4, 'BrandD', 'Product4', 180, 4),
       (5, 'BrandE', 'Product5', 130, 5),
       (6, 'BrandF', 'Product6', 160, 6),
       (7, 'BrandG', 'Product7', 170, 7),
       (8, 'BrandH', 'Product8', 140, 8),
       (9, 'BrandI', 'Product9', 110, 9),
       (10, 'BrandJ', 'Product10', 120, 10),
       (11, 'BrandA', 'Product11', 150, 1),
       (12, 'BrandB', 'Product12', 220, 2),
       (13, 'BrandC', 'Product13', 160, 3),
       (14, 'BrandD', 'Product14', 190, 4),
       (15, 'BrandE', 'Product15', 140, 5),
       (16, 'BrandF', 'Product16', 170, 6),
       (17, 'BrandG', 'Product17', 180, 7),
       (18, 'BrandH', 'Product18', 150, 8),
       (19, 'BrandI', 'Product19', 120, 9),
       (20, 'BrandJ', 'Product20', 130, 10),
       (21, 'BrandA', 'Product21', 160, 1),
       (22, 'BrandB', 'Product22', 230, 2),
       (23, 'BrandC', 'Product23', 170, 3),
       (24, 'BrandD', 'Product24', 200, 4),
       (25, 'BrandE', 'Product25', 150, 5),
       (26, 'BrandF', 'Product26', 180, 6),
       (27, 'BrandG', 'Product27', 190, 7),
       (28, 'BrandH', 'Product28', 160, 8),
       (29, 'BrandI', 'Product29', 130, 9),
       (30, 'BrandJ', 'Product30', 140, 10),
       (31, 'BrandA', 'Product31', 170, 1),
       (32, 'BrandB', 'Product32', 240, 2),
       (33, 'BrandC', 'Product33', 180, 3),
       (34, 'BrandD', 'Product34', 210, 4),
       (35, 'BrandE', 'Product35', 160, 5),
       (36, 'BrandF', 'Product36', 190, 6),
       (37, 'BrandG', 'Product37', 200, 7),
       (38, 'BrandH', 'Product38', 170, 8),
       (39, 'BrandI', 'Product39', 140, 9),
       (40, 'BrandJ', 'Product40', 150, 10),
       (41, 'BrandA', 'Product41', 180, 1),
       (42, 'BrandB', 'Product42', 250, 2),
       (43, 'BrandC', 'Product43', 190, 3),
       (44, 'BrandD', 'Product44', 220, 4),
       (45, 'BrandE', 'Product45', 170, 5),
       (46, 'BrandF', 'Product46', 200, 6),
       (47, 'BrandG', 'Product47', 210, 7),
       (48, 'BrandH', 'Product48', 180, 8),
       (49, 'BrandI', 'Product49', 150, 9),
       (50, 'BrandJ', 'Product50', 160, 10),
       (51, 'BrandA', 'Product51', 190, 1),
       (52, 'BrandB', 'Product52', 260, 2),
       (53, 'BrandC', 'Product53', 200, 3),
       (54, 'BrandD', 'Product54', 230, 4),
       (55, 'BrandE', 'Product55', 180, 5),
       (56, 'BrandF', 'Product56', 210, 6),
       (57, 'BrandG', 'Product57', 220, 7),
       (58, 'BrandH', 'Product58', 190, 8),
       (59, 'BrandI', 'Product59', 160, 9),
       (60, 'BrandJ', 'Product60', 170, 10),
       (61, 'BrandA', 'Product61', 200, 1),
       (62, 'BrandB', 'Product62', 270, 2),
       (63, 'BrandC', 'Product63', 210, 3),
       (64, 'BrandD', 'Product64', 240, 4),
       (65, 'BrandE', 'Product65', 190, 5),
       (66, 'BrandF', 'Product66', 220, 6),
       (67, 'BrandG', 'Product67', 230, 7),
       (68, 'BrandH', 'Product68', 200, 8),
       (69, 'BrandI', 'Product69', 170, 9),
       (70, 'BrandJ', 'Product70', 180, 10),
       (71, 'BrandA', 'Product71', 210, 1),
       (72, 'BrandB', 'Product72', 280, 2),
       (73, 'BrandC', 'Product73', 220, 3),
       (74, 'BrandD', 'Product74', 250, 4),
       (75, 'BrandE', 'Product75', 200, 5),
       (76, 'BrandF', 'Product76', 230, 6),
       (77, 'BrandG', 'Product77', 240, 7),
       (78, 'BrandH', 'Product78', 210, 8),
       (79, 'BrandI', 'Product79', 180, 9),
       (80, 'BrandJ', 'Product80', 190, 10),
       (81, 'BrandA', 'Product81', 220, 1),
       (82, 'BrandB', 'Product82', 290, 2),
       (83, 'BrandC', 'Product83', 230, 3),
       (84, 'BrandD', 'Product84', 260, 4),
       (85, 'BrandE', 'Product85', 210, 5),
       (86, 'BrandF', 'Product86', 240, 6),
       (87, 'BrandG', 'Product87', 250, 7),
       (88, 'BrandH', 'Product88', 220, 8),
       (89, 'BrandI', 'Product89', 190, 9),
       (90, 'BrandJ', 'Product90', 200, 10),
       (91, 'BrandA', 'Product91', 230, 1),
       (92, 'BrandB', 'Product92', 300, 2),
       (93, 'BrandC', 'Product93', 240, 3),
       (94, 'BrandD', 'Product94', 270, 4),
       (95, 'BrandE', 'Product95', 220, 5),
       (96, 'BrandF', 'Product96', 250, 6),
       (97, 'BrandG', 'Product97', 260, 7),
       (98, 'BrandH', 'Product98', 230, 8),
       (99, 'BrandI', 'Product99', 200, 9),
       (100, 'BrandJ', 'Product100', 210, 10);

########################################
# storage 더미 데이터
########################################

INSERT INTO storage (storage_id, storage_name, address, address_detail, zipcode, storage_area,
                     manager_id)
VALUES (1, 'Central Warehouse', '123 Main St', 'Suite 400', 10001, 100000, 'user004'),
       (2, 'North Storage Facility', '456 Elm St', 'Apt 12B', 10002, 100000, 'user008'),
       (3, 'South Depot', '789 Oak St', 'Floor 2', 10003, 100000, 'user012'),
       (4, 'West Distribution Center', '101 Pine St', 'Unit 5', 10004, 100000, 'user016'),
       (5, 'East Logistics Hub', '202 Maple St', 'Suite 300', 10005, 100000, 'user020'),
       (6, 'Midtown Storage', '303 Birch St', 'Floor 1', 10006, 100000, 'user024'),
       (7, 'Downtown Warehouse', '404 Cedar St', 'Apt 8A', 10007, 100000, 'user028'),
       (8, 'Suburban Storage Facility', '505 Walnut St', 'Suite 200', 10008, 100000, 'user032'),
       (9, 'Industrial Park Storage', '606 Fir St', 'Building A', 10009, 100000, 'user036'),
       (10, 'Tech District Warehouse', '707 Spruce St', 'Floor 3', 10010, 100000, 'user040');

########################################
# notice 더미 데이터
########################################

INSERT INTO notice (notice_id, title, contents, notice_date, user_id)
VALUES (1, 'System Maintenance Alert',
        'We will be performing system maintenance on August 20th. The system will be down for approximately 2 hours.',
        '2024-08-15', 'user001'),
       (2, 'New Feature Release',
        'We are excited to announce the release of our new feature, which includes enhanced reporting capabilities.',
        '2024-08-16', 'user001'),
       (3, 'Annual Company Meeting',
        'Our annual company meeting will take place on August 25th. Please ensure your attendance.',
        '2024-08-17', 'user001'),
       (4, 'Office Relocation Notice',
        'The office will be relocating to a new address starting September 1st. Please update your records accordingly.',
        '2024-08-18', 'user001'),
       (5, 'Holiday Schedule',
        'Please be aware of the holiday schedule for the upcoming holiday season. Check the internal calendar for details.',
        '2024-08-19', 'user001'),
       (6, 'Staff Training Program',
        'A new training program will start on August 22nd. All staff members are required to attend.',
        '2024-08-20', 'user001'),
       (7, 'Security Update',
        'A mandatory security update will be implemented on August 21st. Ensure all your devices are updated.',
        '2024-08-21', 'user001'),
       (8, 'Feedback Request',
        'We are seeking feedback on the recent changes to our system. Please fill out the feedback form sent to your email.',
        '2024-08-22', 'user001'),
       (9, 'Software Upgrade',
        'We will be upgrading our software to version 3.0 on August 23rd. Expect minor disruptions.',
        '2024-08-23', 'user001'),
       (10, 'Team Building Event',
        'A team building event is scheduled for August 28th. Please RSVP by August 25th.',
        '2024-08-24', 'user001'),
       (11, 'Customer Satisfaction Survey',
        'A customer satisfaction survey will be conducted from August 30th to September 5th. Your participation is appreciated.',
        '2024-08-25', 'user001'),
       (12, 'New Policy Implementation',
        'New company policies will be implemented starting September 1st. Please review the attached document for details.',
        '2024-08-26', 'user001'),
       (13, 'Project Deadline Reminder',
        'A reminder that the deadline for the current project is September 10th. Please ensure all tasks are completed on time.',
        '2024-08-27', 'user001'),
       (14, 'Website Downtime',
        'Our website will experience downtime for maintenance from August 29th to August 30th. We apologize for any inconvenience.',
        '2024-08-28', 'user001'),
       (15, 'Employee of the Month',
        'Congratulations to Jane Doe for being named Employee of the Month. Her hard work and dedication are greatly appreciated.',
        '2024-08-29', 'user001');


########################################
# contract 더미 데이터
########################################

INSERT INTO contract (contract_id, user_id, contract_area, contract_cost, contract_date,
                      expiration_date)
VALUES (1, 'user013', 500, 1500000, '2024-01-10', '2025-01-10'),
       (2, 'user034', 600, 2000000, '2024-02-15', '2025-02-15'),
       (3, 'user052', 700, 2500000, '2024-03-20', '2025-03-20'),
       (4, 'user060', 800, 3000000, '2024-04-25', '2025-04-25'),
       (5, 'user072', 900, 3500000, '2024-05-30', '2025-05-30'),
       (6, 'user080', 550, 1800000, '2024-06-10', '2025-06-10');

########################################
# stocking_request 더미 데이터
########################################

INSERT INTO stocking_request (stocking_request_id, user_id, product_id, storage_id, request_id,
                              approved_date, complete_date, request_quantity, request_comment)
VALUES (1, 'user013', 1, 1, '2024-01-10', NULL, NULL, 100, 'Restock needed for product 1'),
       (2, 'user013', 2, 2, '2024-01-15', NULL, NULL, 150, 'Urgent restock for product 2'),
       (3, 'user034', 3, 3, '2024-02-01', NULL, NULL, 200, 'Routine restock for product 3'),
       (4, 'user034', 4, 4, '2024-02-10', NULL, NULL, 250, 'Stock up product 4'),
       (5, 'user052', 5, 5, '2024-03-05', NULL, NULL, 300, 'High priority restock for product 5'),
       (6, 'user052', 1, 1, '2024-03-15', NULL, NULL, 120, 'Additional stock for product 1'),
       (7, 'user060', 2, 2, '2024-04-01', NULL, NULL, 180, 'Increase stock for product 2'),
       (8, 'user060', 3, 3, '2024-04-10', NULL, NULL, 220, 'Supplementary restock for product 3'),
       (9, 'user072', 4, 4, '2024-05-01', NULL, NULL, 270, 'Restock required for product 4'),
       (10, 'user072', 5, 5, '2024-05-15', NULL, NULL, 320, 'Restock and replenish product 5'),
       (11, 'user080', 1, 1, '2024-06-01', NULL, NULL, 140, 'Reorder product 1'),
       (12, 'user080', 2, 2, '2024-06-10', NULL, NULL, 190, 'Top up stock for product 2'),
       (13, 'user013', 3, 3, '2024-07-01', NULL, NULL, 210, 'Restock product 3'),
       (14, 'user013', 4, 4, '2024-07-15', NULL, NULL, 260, 'Stock up product 4'),
       (15, 'user034', 5, 5, '2024-08-01', NULL, NULL, 330, 'Urgent restock for product 5'),
       (16, 'user034', 1, 1, '2024-08-10', NULL, NULL, 110, 'Additional stock for product 1'),
       (17, 'user052', 2, 2, '2024-09-01', NULL, NULL, 160, 'Restock product 2'),
       (18, 'user052', 3, 3, '2024-09-10', NULL, NULL, 230, 'Replenish product 3'),
       (19, 'user060', 4, 4, '2024-10-01', NULL, NULL, 280, 'Refill stock for product 4'),
       (20, 'user060', 5, 5, '2024-10-15', NULL, NULL, 340, 'Stock up product 5'),
       (21, 'user072', 1, 1, '2024-11-01', NULL, NULL, 130, 'Restock needed for product 1'),
       (22, 'user072', 2, 2, '2024-11-10', NULL, NULL, 170, 'Restock for product 2'),
       (23, 'user080', 3, 3, '2024-12-01', NULL, NULL, 240, 'Top up stock for product 3'),
       (24, 'user080', 4, 4, '2024-12-15', NULL, NULL, 290, 'Stock replenishment for product 4'),
       (25, 'user013', 5, 5, '2025-01-05', NULL, NULL, 350, 'Reorder product 5'),
       (26, 'user013', 1, 1, '2025-01-15', NULL, NULL, 150, 'Restock product 1'),
       (27, 'user034', 2, 2, '2025-02-01', NULL, NULL, 190, 'Increase stock for product 2'),
       (28, 'user034', 3, 3, '2025-02-10', NULL, NULL, 220, 'Restock product 3'),
       (29, 'user052', 4, 4, '2025-03-01', NULL, NULL, 270, 'Replenish product 4'),
       (30, 'user052', 5, 5, '2025-03-15', NULL, NULL, 330, 'Additional stock for product 5'),
       (31, 'user060', 1, 1, '2025-04-01', NULL, NULL, 140, 'Stock increase for product 1'),
       (32, 'user060', 2, 2, '2025-04-10', NULL, NULL, 200, 'Restock product 2'),
       (33, 'user072', 3, 3, '2025-05-01', NULL, NULL, 250, 'Restock required for product 3'),
       (34, 'user072', 4, 4, '2025-05-15', NULL, NULL, 280, 'Stock up product 4'),
       (35, 'user080', 5, 5, '2025-06-01', NULL, NULL, 340, 'Restock product 5'),
       (36, 'user080', 1, 1, '2025-06-10', NULL, NULL, 160, 'Reorder product 1'),
       (37, 'user013', 2, 2, '2025-07-01', NULL, NULL, 170, 'Restock product 2'),
       (38, 'user013', 3, 3, '2025-07-15', NULL, NULL, 230, 'Increase stock for product 3'),
       (39, 'user034', 4, 4, '2025-08-01', NULL, NULL, 290, 'Restock product 4'),
       (40, 'user034', 5, 5, '2025-08-10', NULL, NULL, 350, 'Replenish product 5'),
       (41, 'user052', 1, 1, '2025-09-01', NULL, NULL, 150, 'Restock product 1'),
       (42, 'user052', 2, 2, '2025-09-15', NULL, NULL, 180, 'Stock up product 2'),
       (43, 'user060', 3, 3, '2025-10-01', NULL, NULL, 240, 'Reorder product 3'),
       (44, 'user060', 4, 4, '2025-10-15', NULL, NULL, 300, 'Restock product 4'),
       (45, 'user072', 5, 5, '2025-11-01', NULL, NULL, 360, 'Stock replenish for product 5'),
       (46, 'user072', 1, 1, '2025-11-15', NULL, NULL, 130, 'Top up stock for product 1'),
       (47, 'user080', 2, 2, '2025-12-01', NULL, NULL, 170, 'Restock product 2'),
       (48, 'user080', 3, 3, '2025-12-15', NULL, NULL, 220, 'Restock product 3'),
       (49, 'user013', 4, 4, '2026-01-05', NULL, NULL, 270, 'Replenish stock for product 4'),
       (50, 'user013', 5, 5, '2026-01-15', NULL, NULL, 340, 'Reorder product 5');

########################################
# stock 더미 데이터
########################################

INSERT INTO stock (user_id, storage_id, product_id, storage_quantity)
VALUES ('user013', 1, 1, 1000),
       ('user013', 2, 2, 1000),
       ('user013', 3, 3, 1000),
       ('user013', 4, 4, 1000),
       ('user013', 5, 5, 1000),
       ('user034', 1, 1, 1200),
       ('user034', 2, 2, 1200),
       ('user034', 3, 3, 1200),
       ('user034', 4, 4, 1200),
       ('user034', 5, 5, 1200),
       ('user052', 1, 1, 3400),
       ('user052', 2, 2, 3400),
       ('user052', 3, 3, 3400),
       ('user052', 4, 4, 3400),
       ('user052', 5, 5, 3400),
       ('user060', 1, 1, 3500),
       ('user060', 2, 2, 3500),
       ('user060', 3, 3, 3500),
       ('user060', 4, 4, 3500),
       ('user060', 5, 5, 3500),
       ('user072', 1, 1, 3600),
       ('user072', 2, 2, 3600),
       ('user072', 3, 3, 3600),
       ('user072', 4, 4, 3600),
       ('user072', 5, 5, 3600),
       ('user080', 1, 1, 3700),
       ('user080', 2, 2, 3700),
       ('user080', 3, 3, 3700),
       ('user080', 4, 4, 3700),
       ('user080', 5, 5, 3700);

########################################
# category 더미 데이터
########################################

INSERT INTO major_category (major_category_id, major_category_name)
VALUES (1, 'Electronics'),
       (2, 'Furniture'),
       (3, 'Clothing'),
       (4, 'Toys'),
       (5, 'Books'),
       (6, 'Sports'),
       (7, 'Automotive'),
       (8, 'Home & Kitchen'),
       (9, 'Beauty'),
       (10, 'Office Supplies');

INSERT INTO middle_category (middle_category_id, major_category_id, middle_category_name)
VALUES (1, 1, 'Mobile Phones'),
       (2, 1, 'Laptops'),
       (3, 2, 'Living Room Furniture'),
       (4, 2, 'Bedroom Furniture'),
       (5, 3, 'Men\'s Clothing'),
       (6, 3, 'Women\'s Clothing'),
       (7, 4, 'Action Figures'),
       (8, 4, 'Board Games'),
       (9, 5, 'Fiction'),
       (10, 5, 'Non-Fiction'),
       (11, 6, 'Fitness Equipment'),
       (12, 6, 'Outdoor Gear'),
       (13, 7, 'Car Accessories'),
       (14, 7, 'Motorcycle Accessories'),
       (15, 8, 'Kitchen Appliances'),
       (16, 8, 'Home Decor'),
       (17, 9, 'Skin Care'),
       (18, 9, 'Makeup'),
       (19, 10, 'Office Furniture'),
       (20, 10, 'Stationery');

INSERT INTO small_category (small_category_id, middle_category_id, small_category_name)
VALUES (1, 1, 'Smartphones'),
       (2, 1, 'Feature Phones'),
       (3, 2, 'Gaming Laptops'),
       (4, 2, 'Business Laptops'),
       (5, 3, 'Sofas'),
       (6, 3, 'Coffee Tables'),
       (7, 4, 'Beds'),
       (8, 4, 'Wardrobes'),
       (9, 5, 'Shirts'),
       (10, 5, 'Trousers'),
       (11, 6, 'Dresses'),
       (12, 6, 'Skirts'),
       (13, 7, 'Superheroes'),
       (14, 7, 'Villains'),
       (15, 8, 'Family Games'),
       (16, 8, 'Puzzle Games'),
       (17, 9, 'Novels'),
       (18, 9, 'Biographies'),
       (19, 10, 'Ergonomic Chairs'),
       (20, 10, 'Desks'),
       (21, 11, 'Treadmills'),
       (22, 11, 'Dumbbells'),
       (23, 12, 'Camping Gear'),
       (24, 12, 'Hiking Gear'),
       (25, 13, 'Car Mats'),
       (26, 13, 'Car Organizers'),
       (27, 14, 'Helmets'),
       (28, 14, 'Gloves'),
       (29, 15, 'Blenders'),
       (30, 15, 'Microwaves'),
       (31, 16, 'Curtains'),
       (32, 16, 'Rugs'),
       (33, 17, 'Face Creams'),
       (34, 17, 'Body Lotions'),
       (35, 18, 'Lipsticks'),
       (36, 18, 'Foundations'),
       (37, 19, 'Conference Tables'),
       (38, 19, 'Office Chairs'),
       (39, 20, 'Notebooks'),
       (40, 20, 'Pens');

########################################
# car 더미 데이터
########################################

INSERT INTO car (car_number, car_type, max_load)
VALUES ('CAR001', 'Sedan', 500),
       ('CAR002', 'SUV', 1000),
       ('CAR003', 'Truck', 2000),
       ('CAR004', 'Van', 1500),
       ('CAR005', 'Convertible', 400),
       ('CAR006', 'Hatchback', 600),
       ('CAR007', 'Coupe', 550),
       ('CAR008', 'Wagon', 800),
       ('CAR009', 'Pickup', 1200),
       ('CAR010', 'Minivan', 1300);

########################################
# delivery_request 더미 데이터
########################################

INSERT INTO delivery_request (delivery_request_id, user_id, product_id, request_date, approved_date,
                              complete_date, delivery_address, address_detail, zipcode,
                              request_quantity, request_comment)
VALUES (1, 'user013', 1, '2024-08-01', NULL, NULL, '123 Main St', 'Apt 1A', 12345, 10,
        'Urgent delivery'),
       (2, 'user013', 2, '2024-08-02', NULL, NULL, '123 Main St', 'Apt 1A', 12345, 5,
        'Regular delivery'),
       (3, 'user034', 3, '2024-08-03', NULL, NULL, '456 Elm St', 'Suite 2B', 23456, 8,
        'Standard delivery'),
       (4, 'user034', 4, '2024-08-04', NULL, NULL, '456 Elm St', 'Suite 2B', 23456, 12,
        'Handle with care'),
       (5, 'user052', 5, '2024-08-05', NULL, NULL, '789 Oak St', 'Unit 3C', 34567, 15,
        'Fragile item'),
       (6, 'user052', 1, '2024-08-06', NULL, NULL, '789 Oak St', 'Unit 3C', 34567, 7,
        'Urgent delivery'),
       (7, 'user060', 2, '2024-08-07', NULL, NULL, '101 Pine St', 'Floor 4', 45678, 20,
        'Regular delivery'),
       (8, 'user060', 3, '2024-08-08', NULL, NULL, '101 Pine St', 'Floor 4', 45678, 10,
        'Standard delivery'),
       (9, 'user072', 4, '2024-08-09', NULL, NULL, '202 Maple St', 'Apt 5D', 56789, 5,
        'Handle with care'),
       (10, 'user072', 5, '2024-08-10', NULL, NULL, '202 Maple St', 'Apt 5D', 56789, 25,
        'Large order'),
       (11, 'user080', 1, '2024-08-11', NULL, NULL, '303 Birch St', 'Suite 6E', 67890, 10,
        'Urgent delivery'),
       (12, 'user080', 2, '2024-08-12', NULL, NULL, '303 Birch St', 'Suite 6E', 67890, 12,
        'Regular delivery'),
       (13, 'user013', 3, '2024-08-13', NULL, NULL, '123 Main St', 'Apt 1A', 12345, 8,
        'Standard delivery'),
       (14, 'user013', 4, '2024-08-14', NULL, NULL, '123 Main St', 'Apt 1A', 12345, 6,
        'Handle with care'),
       (15, 'user034', 5, '2024-08-15', NULL, NULL, '456 Elm St', 'Suite 2B', 23456, 7,
        'Fragile item'),
       (16, 'user034', 1, '2024-08-16', NULL, NULL, '456 Elm St', 'Suite 2B', 23456, 9,
        'Urgent delivery'),
       (17, 'user052', 2, '2024-08-17', NULL, NULL, '789 Oak St', 'Unit 3C', 34567, 11,
        'Regular delivery'),
       (18, 'user052', 3, '2024-08-18', NULL, NULL, '789 Oak St', 'Unit 3C', 34567, 14,
        'Standard delivery'),
       (19, 'user060', 4, '2024-08-19', NULL, NULL, '101 Pine St', 'Floor 4', 45678, 5,
        'Handle with care'),
       (20, 'user060', 5, '2024-08-20', NULL, NULL, '101 Pine St', 'Floor 4', 45678, 18,
        'Large order'),
       (21, 'user072', 1, '2024-08-21', NULL, NULL, '202 Maple St', 'Apt 5D', 56789, 9,
        'Urgent delivery'),
       (22, 'user072', 2, '2024-08-22', NULL, NULL, '202 Maple St', 'Apt 5D', 56789, 13,
        'Regular delivery'),
       (23, 'user080', 3, '2024-08-23', NULL, NULL, '303 Birch St', 'Suite 6E', 67890, 10,
        'Standard delivery'),
       (24, 'user080', 4, '2024-08-24', NULL, NULL, '303 Birch St', 'Suite 6E', 67890, 6,
        'Handle with care'),
       (25, 'user013', 5, '2024-08-25', NULL, NULL, '123 Main St', 'Apt 1A', 12345, 12,
        'Fragile item'),
       (26, 'user013', 1, '2024-08-26', NULL, NULL, '123 Main St', 'Apt 1A', 12345, 7,
        'Urgent delivery'),
       (27, 'user034', 2, '2024-08-27', NULL, NULL, '456 Elm St', 'Suite 2B', 23456, 15,
        'Regular delivery'),
       (28, 'user034', 3, '2024-08-28', NULL, NULL, '456 Elm St', 'Suite 2B', 23456, 10,
        'Standard delivery'),
       (29, 'user052', 4, '2024-08-29', NULL, NULL, '789 Oak St', 'Unit 3C', 34567, 8,
        'Handle with care'),
       (30, 'user052', 5, '2024-08-30', NULL, NULL, '789 Oak St', 'Unit 3C', 34567, 20,
        'Large order');

########################################
# waybill 더미 데이터
########################################

INSERT INTO waybill (waybill_id, delivery_request_id, depart_date, product_id, product_name,
                     delivery_quantity, business_name, business_tel, start_address, arrive_address,
                     arrive_address_detail, request_comment)
VALUES (1, 1, '2024-08-02', 1, 'Product1', 10, 'Biz Corp', '010-1234-5678', '1010 Ash St, Seoul',
        '123 Main St', 'Apt 1A', 'Urgent delivery'),
       (2, 2, '2024-08-03', 2, 'Product2', 5, 'Biz Corp', '010-1234-5678', '1010 Ash St, Seoul',
        '123 Main St', 'Apt 1A', 'Regular delivery'),
       (3, 3, '2024-08-04', 3, 'Product3', 8, 'Biz Corp', '010-1234-5678', '3131 Oak St, Seoul',
        '456 Elm St', 'Suite 2B', 'Standard delivery'),
       (4, 4, '2024-08-05', 4, 'Product4', 12, 'Biz Corp', '010-1234-5678', '3131 Oak St, Seoul',
        '456 Elm St', 'Suite 2B', 'Handle with care'),
       (5, 5, '2024-08-06', 5, 'Product5', 15, 'Biz Corp', '010-1234-5678', '4949 Birch St, Seoul',
        '789 Oak St', 'Unit 3C', 'Fragile item'),
       (6, 6, '2024-08-07', 1, 'Product1', 7, 'Biz Corp', '010-1234-5678', '4949 Birch St, Seoul',
        '789 Oak St', 'Unit 3C', 'Urgent delivery'),
       (7, 7, '2024-08-08', 2, 'Product2', 20, 'Biz Corp', '010-1234-5678', '5757 Birch St, Seoul',
        '101 Pine St', 'Floor 4', 'Regular delivery'),
       (8, 8, '2024-08-09', 3, 'Product3', 10, 'Biz Corp', '010-1234-5678', '5757 Birch St, Seoul',
        '101 Pine St', 'Floor 4', 'Standard delivery'),
       (9, 9, '2024-08-10', 4, 'Product4', 5, 'Biz Corp', '010-1234-5678', '6969 Ash St, Seoul',
        '202 Maple St', 'Apt 5D', 'Handle with care'),
       (10, 10, '2024-08-11', 5, 'Product5', 25, 'Biz Corp', '010-1234-5678', '6969 Ash St, Seoul',
        '202 Maple St', 'Apt 5D', 'Large order'),
       (11, 11, '2024-08-12', 1, 'Product1', 10, 'Biz Corp', '010-1234-5678', '7777 Ash St, Seoul',
        '303 Birch St', 'Suite 6E', 'Urgent delivery'),
       (12, 12, '2024-08-13', 2, 'Product2', 12, 'Biz Corp', '010-1234-5678', '7777 Ash St, Seoul',
        '303 Birch St', 'Suite 6E', 'Regular delivery'),
       (13, 13, '2024-08-14', 3, 'Product3', 8, 'Biz Corp', '010-1234-5678', '1010 Ash St, Seoul',
        '123 Main St', 'Apt 1A', 'Standard delivery'),
       (14, 14, '2024-08-15', 4, 'Product4', 6, 'Biz Corp', '010-1234-5678', '1010 Ash St, Seoul',
        '123 Main St', 'Apt 1A', 'Handle with care'),
       (15, 15, '2024-08-16', 5, 'Product5', 7, 'Biz Corp', '010-1234-5678', '3131 Oak St, Seoul',
        '456 Elm St', 'Suite 2B', 'Fragile item'),
       (16, 16, '2024-08-17', 1, 'Product1', 9, 'Biz Corp', '010-1234-5678', '3131 Oak St, Seoul',
        '456 Elm St', 'Suite 2B', 'Urgent delivery'),
       (17, 17, '2024-08-18', 2, 'Product2', 11, 'Biz Corp', '010-1234-5678',
        '4949 Birch St, Seoul', '789 Oak St', 'Unit 3C', 'Regular delivery'),
       (18, 18, '2024-08-19', 3, 'Product3', 14, 'Biz Corp', '010-1234-5678',
        '4949 Birch St, Seoul', '789 Oak St', 'Unit 3C', 'Standard delivery'),
       (19, 19, '2024-08-20', 4, 'Product4', 5, 'Biz Corp', '010-1234-5678', '5757 Birch St, Seoul',
        '101 Pine St', 'Floor 4', 'Handle with care'),
       (20, 20, '2024-08-21', 5, 'Product5', 18, 'Biz Corp', '010-1234-5678',
        '5757 Birch St, Seoul', '101 Pine St', 'Floor 4', 'Large order'),
       (21, 21, '2024-08-22', 1, 'Product1', 9, 'Biz Corp', '010-1234-5678', '6969 Ash St, Seoul',
        '202 Maple St', 'Apt 5D', 'Urgent delivery'),
       (22, 22, '2024-08-23', 2, 'Product2', 13, 'Biz Corp', '010-1234-5678', '6969 Ash St, Seoul',
        '202 Maple St', 'Apt 5D', 'Regular delivery'),
       (23, 23, '2024-08-24', 3, 'Product3', 10, 'Biz Corp', '010-1234-5678', '7777 Ash St, Seoul',
        '303 Birch St', 'Suite 6E', 'Standard delivery'),
       (24, 24, '2024-08-25', 4, 'Product4', 6, 'Biz Corp', '010-1234-5678', '7777 Ash St, Seoul',
        '303 Birch St', 'Suite 6E', 'Handle with care'),
       (25, 25, '2024-08-26', 5, 'Product5', 12, 'Biz Corp', '010-1234-5678', '1010 Ash St, Seoul',
        '123 Main St', 'Apt 1A', 'Fragile item'),
       (26, 26, '2024-08-27', 1, 'Product1', 7, 'Biz Corp', '010-1234-5678', '1010 Ash St, Seoul',
        '123 Main St', 'Apt 1A', 'Urgent delivery'),
       (27, 27, '2024-08-28', 2, 'Product2', 15, 'Biz Corp', '010-1234-5678', '3131 Oak St, Seoul',
        '456 Elm St', 'Suite 2B', 'Regular delivery'),
       (28, 28, '2024-08-29', 3, 'Product3', 10, 'Biz Corp', '010-1234-5678', '3131 Oak St, Seoul',
        '456 Elm St', 'Suite 2B', 'Standard delivery'),
       (29, 29, '2024-08-30', 4, 'Product4', 8, 'Biz Corp', '010-1234-5678', '4949 Birch St, Seoul',
        '789 Oak St', 'Unit 3C', 'Handle with care'),
       (30, 30, '2024-08-31', 5, 'Product5', 20, 'Biz Corp', '010-1234-5678',
        '4949 Birch St, Seoul', '789 Oak St', 'Unit 3C', 'Large order');
